number_of_rounds,best_iteration,best_ntreelimit,eta,gamma,max_depth,rmse
5,5,5,0.001,1,2,1567.9074707
5,5,5,0.001,1,3,1440.9640257
5,5,5,0.001,1,5,1563.4352296
5,5,5,0.001,1,8,1485.9276183
5,5,5,0.001,1,10,1543.0493592
5,5,5,0.001,5,2,1586.8755251
5,5,5,0.001,5,3,1599.2400634
5,5,5,0.001,5,5,1495.8875304
5,5,5,0.001,5,8,1651.4040558000002
5,5,5,0.001,5,10,1564.0450013
5,5,5,0.001,20,2,1645.7328798
5,5,5,0.001,20,3,1599.0715638
5,5,5,0.001,20,5,1482.7333313
5,5,5,0.001,20,8,1677.8043334
5,5,5,0.001,20,10,1627.12323
5,5,5,0.001,100,2,1584.9960937
5,5,5,0.001,100,3,1698.8417785
5,5,5,0.001,100,5,1617.11344
5,5,5,0.001,100,8,1498.1099181
5,5,5,0.001,100,10,1508.4138672
5,5,5,0.003,1,2,1625.657483
5,5,5,0.003,1,3,1417.5553039000001
5,5,5,0.003,1,5,1423.0323121
5,5,5,0.003,1,8,1480.412201
5,5,5,0.003,1,10,1531.4774352
5,5,5,0.003,5,2,1452.1087462
5,5,5,0.003,5,3,1595.1070739
5,5,5,0.003,5,5,1656.5753295
5,5,5,0.003,5,8,1532.6417357
5,5,5,0.003,5,10,1573.5058776
5,5,5,0.003,20,2,1582.5722413
5,5,5,0.003,20,3,1424.2940612
5,5,5,0.003,20,5,1648.9871521
5,5,5,0.003,20,8,1475.4553162
5,5,5,0.003,20,10,1569.7445252
5,5,5,0.003,100,2,1501.7777773
5,5,5,0.003,100,3,1575.3182863
5,5,5,0.003,100,5,1510.5794799999999
5,5,5,0.003,100,8,1528.5888978
5,5,5,0.003,100,10,1598.8726805
5,5,5,0.005,1,2,1504.5714263
5,5,5,0.005,1,3,1570.9922516
5,5,5,0.005,1,5,1480.1541199
5,5,5,0.005,1,8,1362.5195282
5,5,5,0.005,1,10,1503.7047576
5,5,5,0.005,5,2,1495.8230194
5,5,5,0.005,5,3,1519.7239441
5,5,5,0.005,5,5,1446.9903625
5,5,5,0.005,5,8,1596.8261717999999
5,5,5,0.005,5,10,1649.3650818
5,5,5,0.005,20,2,1495.2743834999999
5,5,5,0.005,20,3,1521.4601683
5,5,5,0.005,20,5,1391.5860504
5,5,5,0.005,20,8,1530.6009338
5,5,5,0.005,20,10,1530.0521392
5,5,5,0.005,100,2,1528.6062408999999
5,5,5,0.005,100,3,1565.8129823
5,5,5,0.005,100,5,1516.6158691
5,5,5,0.005,100,8,1473.7435118
5,5,5,0.005,100,10,1489.0596983
5,5,5,0.01,1,2,1416.0645294
5,5,5,0.01,1,3,1496.0788817999999
5,5,5,0.01,1,5,1484.8549560000001
5,5,5,0.01,1,8,1448.154715
5,5,5,0.01,1,10,1397.0487701
5,5,5,0.01,5,2,1609.2551085
5,5,5,0.01,5,3,1625.8644103000001
5,5,5,0.01,5,5,1445.2595399
5,5,5,0.01,5,8,1435.4300721
5,5,5,0.01,5,10,1493.788324
5,5,5,0.01,20,2,1569.5263732
5,5,5,0.01,20,3,1388.6822633
5,5,5,0.01,20,5,1594.43573
5,5,5,0.01,20,8,1434.6482361
5,5,5,0.01,20,10,1600.4440858
5,5,5,0.01,100,2,1374.2157227
5,5,5,0.01,100,3,1569.8851012999999
5,5,5,0.01,100,5,1613.0432737
5,5,5,0.01,100,8,1441.4568391
5,5,5,0.01,100,10,1571.8578308
5,5,5,0.03,1,2,1412.6904723
5,5,5,0.03,1,3,1381.7925963
5,5,5,0.03,1,5,1375.8760193
5,5,5,0.03,1,8,1424.3028016
5,5,5,0.03,1,10,1464.0456726
5,5,5,0.03,5,2,1339.8711426
5,5,5,0.03,5,3,1440.0272461
5,5,5,0.03,5,5,1275.4779905999999
5,5,5,0.03,5,8,1432.3051635
5,5,5,0.03,5,10,1384.9293687
5,5,5,0.03,20,2,1413.0257019
5,5,5,0.03,20,3,1443.9573181
5,5,5,0.03,20,5,1440.5532348
5,5,5,0.03,20,8,1437.8244936
5,5,5,0.03,20,10,1476.00744
5,5,5,0.03,100,2,1350.2471376
5,5,5,0.03,100,3,1456.2626038
5,5,5,0.03,100,5,1433.4394286
5,5,5,0.03,100,8,1388.9323976
5,5,5,0.03,100,10,1439.9422242
5,5,5,0.05,1,2,1359.9749021
5,5,5,0.05,1,3,1326.880835
5,5,5,0.05,1,5,1302.6234162
5,5,5,0.05,1,8,1223.1324098
5,5,5,0.05,1,10,1242.6337465000001
5,5,5,0.05,5,2,1216.2776002
5,5,5,0.05,5,3,1334.621814
5,5,5,0.05,5,5,1300.3797486
5,5,5,0.05,5,8,1410.3434327
5,5,5,0.05,5,10,1413.6876892
5,5,5,0.05,20,2,1227.0035706
5,5,5,0.05,20,3,1270.1864137
5,5,5,0.05,20,5,1245.1268829
5,5,5,0.05,20,8,1168.5805481
5,5,5,0.05,20,10,1282.9731994
5,5,5,0.05,100,2,1244.3371399
5,5,5,0.05,100,3,1263.7212038
5,5,5,0.05,100,5,1370.9896851
5,5,5,0.05,100,8,1224.1658081
5,5,5,0.05,100,10,1310.109265
5,5,5,0.1,1,2,1066.8348601
5,5,5,0.1,1,3,1080.8295286
5,5,5,0.1,1,5,1089.4754426
5,5,5,0.1,1,8,1046.856897
5,5,5,0.1,1,10,1060.8993591
5,5,5,0.1,5,2,1108.0414245
5,5,5,0.1,5,3,988.634375
5,5,5,0.1,5,5,1101.6916717
5,5,5,0.1,5,8,967.9248291
5,5,5,0.1,5,10,1095.3593626
5,5,5,0.1,20,2,1094.4941344
5,5,5,0.1,20,3,1073.4477051
5,5,5,0.1,20,5,1050.3971436
5,5,5,0.1,20,8,1041.9810425
5,5,5,0.1,20,10,1127.5636413
5,5,5,0.1,100,2,1016.2797912
5,5,5,0.1,100,3,1029.0258058
5,5,5,0.1,100,5,1005.4906494
5,5,5,0.1,100,8,1030.2015292
5,5,5,0.1,100,10,1107.1412047
10,10,10,0.001,1,2,1573.7633788
10,10,10,0.001,1,3,1568.1469908
10,10,10,0.001,1,5,1566.5429411
10,10,10,0.001,1,8,1595.9865477
10,10,10,0.001,1,10,1574.8475098
10,10,10,0.001,5,2,1552.7984344
10,10,10,0.001,5,3,1577.0940307
10,10,10,0.001,5,5,1553.0355347
10,10,10,0.001,5,8,1523.1708983
10,10,10,0.001,5,10,1532.98562
10,10,10,0.001,20,2,1479.2404419
10,10,10,0.001,20,3,1606.9596557
10,10,10,0.001,20,5,1544.6625336
10,10,10,0.001,20,8,1567.7754883
10,10,10,0.001,20,10,1519.7215939999999
10,10,10,0.001,100,2,1670.3607117000001
10,10,10,0.001,100,3,1539.1902923
10,10,10,0.001,100,5,1588.4467985000001
10,10,10,0.001,100,8,1527.0800689
10,10,10,0.001,100,10,1446.318753
10,10,10,0.003,1,2,1561.3351503000001
10,10,10,0.003,1,3,1579.4230805
10,10,10,0.003,1,5,1479.2420135
10,10,10,0.003,1,8,1574.4915589
10,10,10,0.003,1,10,1605.9997437
10,10,10,0.003,5,2,1524.1554077
10,10,10,0.003,5,3,1458.7291626
10,10,10,0.003,5,5,1516.4410461
10,10,10,0.003,5,8,1642.5714598
10,10,10,0.003,5,10,1642.8614807
10,10,10,0.003,20,2,1576.397525
10,10,10,0.003,20,3,1564.641223
10,10,10,0.003,20,5,1514.0964689
10,10,10,0.003,20,8,1632.9531127
10,10,10,0.003,20,10,1444.7340027
10,10,10,0.003,100,2,1569.2658143
10,10,10,0.003,100,3,1490.4451112
10,10,10,0.003,100,5,1547.6813720999999
10,10,10,0.003,100,8,1534.4585632
10,10,10,0.003,100,10,1491.6790037
10,10,10,0.005,1,2,1459.7783264
10,10,10,0.005,1,3,1538.1535705
10,10,10,0.005,1,5,1634.5714477
10,10,10,0.005,1,8,1414.9929139
10,10,10,0.005,1,10,1440.7410157
10,10,10,0.005,5,2,1591.0809752999999
10,10,10,0.005,5,3,1494.8126161
10,10,10,0.005,5,5,1645.1240479
10,10,10,0.005,5,8,1506.3775269
10,10,10,0.005,5,10,1490.2689392
10,10,10,0.005,20,2,1440.9922089
10,10,10,0.005,20,3,1486.0937744
10,10,10,0.005,20,5,1543.8845154
10,10,10,0.005,20,8,1519.0491334
10,10,10,0.005,20,10,1493.567633
10,10,10,0.005,100,2,1589.0106627
10,10,10,0.005,100,3,1543.6868226
10,10,10,0.005,100,5,1505.3784882
10,10,10,0.005,100,8,1441.208722
10,10,10,0.005,100,10,1459.3133546
10,10,10,0.01,1,2,1408.9161346
10,10,10,0.01,1,3,1499.0646332000001
10,10,10,0.01,1,5,1527.8853883
10,10,10,0.01,1,8,1524.5372925
10,10,10,0.01,1,10,1515.0184693
10,10,10,0.01,5,2,1396.5243561
10,10,10,0.01,5,3,1455.3570619
10,10,10,0.01,5,5,1485.849756
10,10,10,0.01,5,8,1446.5449462000001
10,10,10,0.01,5,10,1385.7631378
10,10,10,0.01,20,2,1427.5352904
10,10,10,0.01,20,3,1430.3962189
10,10,10,0.01,20,5,1427.7476502
10,10,10,0.01,20,8,1519.6102113
10,10,10,0.01,20,10,1395.9928803
10,10,10,0.01,100,2,1389.9394105
10,10,10,0.01,100,3,1426.9389559
10,10,10,0.01,100,5,1463.3657532
10,10,10,0.01,100,8,1526.2843748999999
10,10,10,0.01,100,10,1457.8278137
10,10,10,0.03,1,2,1262.3643859
10,10,10,0.03,1,3,1212.0602508
10,10,10,0.03,1,5,1327.4107787
10,10,10,0.03,1,8,1252.5700013
10,10,10,0.03,1,10,1326.4129392
10,10,10,0.03,5,2,1246.9984618
10,10,10,0.03,5,3,1249.4097474
10,10,10,0.03,5,5,1234.9957214
10,10,10,0.03,5,8,1284.0642579
10,10,10,0.03,5,10,1368.5998841
10,10,10,0.03,20,2,1256.6407837
10,10,10,0.03,20,3,1212.6868377
10,10,10,0.03,20,5,1300.4569030999999
10,10,10,0.03,20,8,1270.2874023
10,10,10,0.03,20,10,1200.3311340999999
10,10,10,0.03,100,2,1229.1128663
10,10,10,0.03,100,3,1250.4637359
10,10,10,0.03,100,5,1241.0774810999999
10,10,10,0.03,100,8,1249.8531799
10,10,10,0.03,100,10,1257.3004822
10,10,10,0.05,1,2,941.9835237
10,10,10,0.05,1,3,1021.9617800000001
10,10,10,0.05,1,5,1088.6538544
10,10,10,0.05,1,8,1017.976706
10,10,10,0.05,1,10,1094.070221
10,10,10,0.05,5,2,1118.4342896
10,10,10,0.05,5,3,1117.577301
10,10,10,0.05,5,5,1001.9089875
10,10,10,0.05,5,8,1086.3542083
10,10,10,0.05,5,10,1168.647882
10,10,10,0.05,20,2,1119.2757079
10,10,10,0.05,20,3,1017.0504639000001
10,10,10,0.05,20,5,1026.0100739
10,10,10,0.05,20,8,1077.3151123
10,10,10,0.05,20,10,1194.0777283
10,10,10,0.05,100,2,1072.2944916
10,10,10,0.05,100,3,1087.4217713
10,10,10,0.05,100,5,1155.2130493
10,10,10,0.05,100,8,1091.2547577
10,10,10,0.05,100,10,1129.1005379
10,10,10,0.1,1,2,754.5978087999999
10,10,10,0.1,1,3,798.359343
10,10,10,0.1,1,5,666.8836381
10,10,10,0.1,1,8,812.1748901
10,10,10,0.1,1,10,782.1220581
10,10,10,0.1,5,2,771.3309325
10,10,10,0.1,5,3,764.7751954
10,10,10,0.1,5,5,777.2143861
10,10,10,0.1,5,8,755.9724364
10,10,10,0.1,5,10,836.0377061
10,10,10,0.1,20,2,798.3142609
10,10,10,0.1,20,3,766.533307
10,10,10,0.1,20,5,799.0563614
10,10,10,0.1,20,8,771.2451202999999
10,10,10,0.1,20,10,797.0989334
10,10,10,0.1,100,2,722.3821472
10,10,10,0.1,100,3,825.4271758
10,10,10,0.1,100,5,782.5361268
10,10,10,0.1,100,8,743.8128722
10,10,10,0.1,100,10,763.0560303
50,50,50,0.001,1,2,1511.2360901
50,50,50,0.001,1,3,1621.7934326
50,50,50,0.001,1,5,1521.4463715
50,50,50,0.001,1,8,1520.9292358999999
50,50,50,0.001,1,10,1365.4076659
50,50,50,0.001,5,2,1454.0504944
50,50,50,0.001,5,3,1442.4584869
50,50,50,0.001,5,5,1565.5856628
50,50,50,0.001,5,8,1576.4896027
50,50,50,0.001,5,10,1501.0989256999999
50,50,50,0.001,20,2,1353.7755096
50,50,50,0.001,20,3,1500.4434417
50,50,50,0.001,20,5,1399.6028136
50,50,50,0.001,20,8,1453.232321
50,50,50,0.001,20,10,1412.4041322
50,50,50,0.001,100,2,1410.7787689
50,50,50,0.001,100,3,1457.6837068
50,50,50,0.001,100,5,1533.4900939
50,50,50,0.001,100,8,1553.3463928
50,50,50,0.001,100,10,1570.7386474999998
50,50,50,0.003,1,2,1416.51344
50,50,50,0.003,1,3,1532.0792114
50,50,50,0.003,1,5,1401.7572813
50,50,50,0.003,1,8,1349.3444794
50,50,50,0.003,1,10,1471.4542541
50,50,50,0.003,5,2,1414.1345611
50,50,50,0.003,5,3,1452.4634582
50,50,50,0.003,5,5,1526.8684815
50,50,50,0.003,5,8,1386.072586
50,50,50,0.003,5,10,1308.8453124
50,50,50,0.003,20,2,1475.7669494
50,50,50,0.003,20,3,1381.5104247
50,50,50,0.003,20,5,1452.8840697
50,50,50,0.003,20,8,1456.9280516000001
50,50,50,0.003,20,10,1445.6671051
50,50,50,0.003,100,2,1388.2727294000001
50,50,50,0.003,100,3,1305.2075042000001
50,50,50,0.003,100,5,1401.2290985
50,50,50,0.003,100,8,1367.4217314
50,50,50,0.003,100,10,1362.9531739
50,50,50,0.005,1,2,1262.7060609
50,50,50,0.005,1,3,1270.2639465
50,50,50,0.005,1,5,1227.9169068
50,50,50,0.005,1,8,1329.6947617
50,50,50,0.005,1,10,1272.417534
50,50,50,0.005,5,2,1227.4634948
50,50,50,0.005,5,3,1308.4381836
50,50,50,0.005,5,5,1396.7109864
50,50,50,0.005,5,8,1317.8659286
50,50,50,0.005,5,10,1258.7919248
50,50,50,0.005,20,2,1316.4581848
50,50,50,0.005,20,3,1247.7813079999999
50,50,50,0.005,20,5,1320.115033
50,50,50,0.005,20,8,1219.7401338
50,50,50,0.005,20,10,1346.8577454
50,50,50,0.005,100,2,1321.2846619
50,50,50,0.005,100,3,1276.9754394
50,50,50,0.005,100,5,1320.791539
50,50,50,0.005,100,8,1393.2618042000001
50,50,50,0.005,100,10,1321.0379762
50,50,50,0.01,1,2,1063.2858184
50,50,50,0.01,1,3,1060.3856813
50,50,50,0.01,1,5,1041.6212158
50,50,50,0.01,1,8,1072.1121491000001
50,50,50,0.01,1,10,1135.5284729
50,50,50,0.01,5,2,1079.1397583
50,50,50,0.01,5,3,1114.1794923
50,50,50,0.01,5,5,1107.1253234
50,50,50,0.01,5,8,1063.4252045
50,50,50,0.01,5,10,1098.1683472
50,50,50,0.01,20,2,1181.8914155
50,50,50,0.01,20,3,1225.5824035
50,50,50,0.01,20,5,1069.955414
50,50,50,0.01,20,8,1017.2419953
50,50,50,0.01,20,10,1053.1558106
50,50,50,0.01,100,2,1059.5008513
50,50,50,0.01,100,3,1089.5048554
50,50,50,0.01,100,5,1179.2612855
50,50,50,0.01,100,8,1053.5713288
50,50,50,0.01,100,10,1128.2145447
50,50,50,0.03,1,2,608.5107115
50,50,50,0.03,1,3,688.6444275
50,50,50,0.03,1,5,626.5425841
50,50,50,0.03,1,8,708.1157472
50,50,50,0.03,1,10,630.9932114
50,50,50,0.03,5,2,559.2847304
50,50,50,0.03,5,3,612.3238113
50,50,50,0.03,5,5,651.6738343
50,50,50,0.03,5,8,644.958722
50,50,50,0.03,5,10,629.7306763
50,50,50,0.03,20,2,661.2426796
50,50,50,0.03,20,3,626.3901031
50,50,50,0.03,20,5,617.4786728
50,50,50,0.03,20,8,642.62829609999994
50,50,50,0.03,20,10,692.8345047
50,50,50,0.03,100,2,700.2567506
50,50,50,0.03,100,3,595.9593079
50,50,50,0.03,100,5,590.6458847
50,50,50,0.03,100,8,651.648201
50,50,50,0.03,100,10,655.9565582
50,50,50,0.05,1,2,551.1938601
50,50,50,0.05,1,3,440.4609818
50,50,50,0.05,1,5,438.8647675
50,45,45,0.05,1,8,474.13028790000004
50,50,50,0.05,1,10,536.0044679
50,50,50,0.05,5,2,503.8805454
50,50,50,0.05,5,3,436.5567811
50,50,50,0.05,5,5,499.8688805
50,50,50,0.05,5,8,485.0901626
50,48,48,0.05,5,10,493.41285239999996
50,50,50,0.05,20,2,509.3403473
50,50,50,0.05,20,3,497.0854111
50,50,50,0.05,20,5,476.71613080000003
50,50,50,0.05,20,8,622.4354278
50,50,50,0.05,20,10,551.025612
50,50,50,0.05,100,2,468.4968937
50,50,50,0.05,100,3,427.9071562
50,50,50,0.05,100,5,497.58143689999997
50,50,50,0.05,100,8,459.9849854
50,50,50,0.05,100,10,536.9609832
50,27,27,0.1,1,2,481.6486084
50,38,38,0.1,1,3,539.3911423
50,24,24,0.1,1,5,530.2536521
50,37,37,0.1,1,8,439.796585
50,50,50,0.1,1,10,533.3489151
50,31,31,0.1,5,2,442.91368389999997
50,45,45,0.1,5,3,439.3424605
50,49,49,0.1,5,5,475.6929368
50,42,42,0.1,5,8,488.0111938
50,37,37,0.1,5,10,512.2894819
50,50,50,0.1,20,2,499.95123440000003
50,27,27,0.1,20,3,541.2316208
50,28,28,0.1,20,5,515.3517059
50,36,36,0.1,20,8,432.5851258
50,42,42,0.1,20,10,497.5113449
50,29,29,0.1,100,2,475.8329933
50,30,30,0.1,100,3,515.6213196
50,50,50,0.1,100,5,465.8295208
50,28,28,0.1,100,8,474.1785781
50,42,42,0.1,100,10,526.4669251
100,100,100,0.001,1,2,1545.8293273
100,100,100,0.001,1,3,1411.0457761
100,100,100,0.001,1,5,1434.0225539
100,100,100,0.001,1,8,1452.2702392
100,100,100,0.001,1,10,1374.9435136
100,100,100,0.001,5,2,1473.0527663999999
100,100,100,0.001,5,3,1501.0789613
100,100,100,0.001,5,5,1485.2169615999999
100,100,100,0.001,5,8,1457.3535844
100,100,100,0.001,5,10,1620.0472412
100,100,100,0.001,20,2,1537.5456787
100,100,100,0.001,20,3,1512.4896545
100,100,100,0.001,20,5,1515.6176758
100,100,100,0.001,20,8,1404.6530212
100,100,100,0.001,20,10,1522.3101561
100,100,100,0.001,100,2,1588.7410948
100,100,100,0.001,100,3,1528.317517
100,100,100,0.001,100,5,1506.2558471
100,100,100,0.001,100,8,1509.7352736999999
100,100,100,0.001,100,10,1445.3012022
100,100,100,0.003,1,2,1233.3641663
100,100,100,0.003,1,3,1255.1795104999999
100,100,100,0.003,1,5,1312.8039918
100,100,100,0.003,1,8,1239.3609253
100,100,100,0.003,1,10,1287.7930602000001
100,100,100,0.003,5,2,1151.5221861
100,100,100,0.003,5,3,1264.1044678
100,100,100,0.003,5,5,1259.2174744000001
100,100,100,0.003,5,8,1283.2981995
100,100,100,0.003,5,10,1311.3429991
100,100,100,0.003,20,2,1243.152167
100,100,100,0.003,20,3,1182.0287019
100,100,100,0.003,20,5,1334.6202333
100,100,100,0.003,20,8,1176.1308258
100,100,100,0.003,20,10,1174.1473022
100,100,100,0.003,100,2,1280.2514221
100,100,100,0.003,100,3,1212.8179962
100,100,100,0.003,100,5,1232.2343231
100,100,100,0.003,100,8,1254.3502441
100,100,100,0.003,100,10,1283.9998321
100,100,100,0.005,1,2,1024.7580505
100,100,100,0.005,1,3,1052.8180297
100,100,100,0.005,1,5,1177.8572755
100,100,100,0.005,1,8,1131.7208773
100,100,100,0.005,1,10,1072.6427827
100,100,100,0.005,5,2,1160.6509919
100,100,100,0.005,5,3,1070.6046815
100,100,100,0.005,5,5,1068.0054476
100,100,100,0.005,5,8,1059.8560671
100,100,100,0.005,5,10,1143.2821839
100,100,100,0.005,20,2,1063.3025451
100,100,100,0.005,20,3,1092.8924195
100,100,100,0.005,20,5,1111.4837281
100,100,100,0.005,20,8,1000.2856995000001
100,100,100,0.005,20,10,1015.8906159
100,100,100,0.005,100,2,1012.5461273999999
100,100,100,0.005,100,3,1047.3740996
100,100,100,0.005,100,5,998.7010253999999
100,100,100,0.005,100,8,1014.4376098
100,100,100,0.005,100,10,1081.5042634
100,100,100,0.01,1,2,810.3746154
100,100,100,0.01,1,3,768.4340576
100,100,100,0.01,1,5,773.2153689
100,100,100,0.01,1,8,846.8384873
100,100,100,0.01,1,10,849.0421341
100,100,100,0.01,5,2,785.9484954
100,100,100,0.01,5,3,792.8556611
100,100,100,0.01,5,5,695.6124726
100,100,100,0.01,5,8,769.1638108
100,100,100,0.01,5,10,761.6306518
100,100,100,0.01,20,2,765.8169434
100,100,100,0.01,20,3,725.9653045
100,100,100,0.01,20,5,724.7149888
100,100,100,0.01,20,8,877.4373138999999
100,100,100,0.01,20,10,808.2491335
100,100,100,0.01,100,2,799.0416077
100,100,100,0.01,100,3,869.1180635
100,100,100,0.01,100,5,862.0915039
100,100,100,0.01,100,8,746.6838624
100,100,100,0.01,100,10,831.3785857
100,100,100,0.03,1,2,515.3665619
100,100,100,0.03,1,3,494.4682922
100,100,100,0.03,1,5,450.13909309999997
100,100,100,0.03,1,8,462.6592552
100,100,100,0.03,1,10,524.371794
100,100,100,0.03,5,2,509.5556488
100,100,100,0.03,5,3,482.8112059
100,100,100,0.03,5,5,531.4972657
100,94,94,0.03,5,8,471.4553055
100,100,100,0.03,5,10,530.5169023
100,100,100,0.03,20,2,483.9467071
100,100,100,0.03,20,3,412.1446349
100,96,96,0.03,20,5,425.2393432
100,100,100,0.03,20,8,499.8468309
100,94,94,0.03,20,10,468.1526963
100,100,100,0.03,100,2,561.4294525
100,100,100,0.03,100,3,480.194432
100,100,100,0.03,100,5,418.0830176
100,100,100,0.03,100,8,582.2406252
100,100,100,0.03,100,10,505.2474251
100,55,55,0.05,1,2,425.6504112
100,67,67,0.05,1,3,572.3188019
100,100,100,0.05,1,5,435.1854599
100,56,56,0.05,1,8,406.2029701
100,56,56,0.05,1,10,424.0283173
100,100,100,0.05,5,2,424.6173584
100,56,56,0.05,5,3,472.57699279999997
100,66,66,0.05,5,5,431.6276039
100,85,85,0.05,5,8,457.9104675
100,100,100,0.05,5,10,451.053062
100,82,82,0.05,20,2,552.1549071
100,79,79,0.05,20,3,469.956671
100,100,100,0.05,20,5,409.09077759999997
100,53,53,0.05,20,8,503.6406539
100,100,100,0.05,20,10,405.8314378
100,99,99,0.05,100,2,418.9078964
100,99,99,0.05,100,3,414.8127106
100,100,100,0.05,100,5,431.4818826
100,68,68,0.05,100,8,501.9300079
100,100,100,0.05,100,10,458.4344179
100,100,100,0.1,1,2,429.5587296
100,29,29,0.1,1,3,521.6567107
100,53,53,0.1,1,5,542.3616837
100,37,37,0.1,1,8,503.71662449999997
100,25,25,0.1,1,10,431.7028946
100,52,52,0.1,5,2,448.5113556
100,46,46,0.1,5,3,510.06922579999997
100,54,54,0.1,5,5,401.2783966
100,50,50,0.1,5,8,393.2712248
100,49,49,0.1,5,10,477.5317565
100,27,27,0.1,20,2,528.5617553
100,45,45,0.1,20,3,483.1346466
100,33,33,0.1,20,5,432.2312834
100,48,48,0.1,20,8,540.6404846
100,47,47,0.1,20,10,477.5251343
100,28,28,0.1,100,2,463.4184677
100,28,28,0.1,100,3,537.1617553
100,48,48,0.1,100,5,449.0791473
100,54,54,0.1,100,8,437.5534424
100,28,28,0.1,100,10,413.6091889
500,500,500,0.001,1,2,1039.8136599
500,500,500,0.001,1,3,1143.0896454
500,500,500,0.001,1,5,1048.1290498
500,500,500,0.001,1,8,1103.4510099
500,500,500,0.001,1,10,1066.9709533
500,500,500,0.001,5,2,1035.8384001
500,500,500,0.001,5,3,1128.9624633
500,500,500,0.001,5,5,1152.8815217
500,500,500,0.001,5,8,1063.8449402
500,500,500,0.001,5,10,1045.2387909
500,500,500,0.001,20,2,1054.9202515
500,500,500,0.001,20,3,1048.6977662
500,500,500,0.001,20,5,1114.1912995
500,500,500,0.001,20,8,994.6990786
500,500,500,0.001,20,10,1092.6886322
500,500,500,0.001,100,2,970.5096832
500,500,500,0.001,100,3,1076.7919646999999
500,500,500,0.001,100,5,1109.2039154
500,500,500,0.001,100,8,1104.6284271
500,500,500,0.001,100,10,964.4613586
500,500,500,0.003,1,2,656.7007662
500,500,500,0.003,1,3,652.459491
500,500,500,0.003,1,5,620.0474272
500,500,500,0.003,1,8,568.3023253
500,500,500,0.003,1,10,643.5849914
500,500,500,0.003,5,2,684.5533953
500,500,500,0.003,5,3,663.7953736000001
500,500,500,0.003,5,5,571.9771179
500,500,500,0.003,5,8,610.408969
500,500,500,0.003,5,10,609.4639145
500,500,500,0.003,20,2,638.8434815
500,500,500,0.003,20,3,750.5432236
500,500,500,0.003,20,5,635.7347809
500,500,500,0.003,20,8,624.7288347
500,500,500,0.003,20,10,675.1437012
500,500,500,0.003,100,2,660.0897186
500,500,500,0.003,100,3,640.4000977000001
500,500,500,0.003,100,5,687.976455
500,500,500,0.003,100,8,688.1890106
500,500,500,0.003,100,10,603.1449006
500,500,500,0.005,1,2,563.3599608000001
500,500,500,0.005,1,3,469.512906
500,500,500,0.005,1,5,521.7508423
500,499,499,0.005,1,8,517.868016
500,500,500,0.005,1,10,537.67725
500,500,500,0.005,5,2,507.8233451
500,500,500,0.005,5,3,419.0385445
500,500,500,0.005,5,5,467.3871794
500,500,500,0.005,5,8,497.190999
500,500,500,0.005,5,10,391.674794
500,500,500,0.005,20,2,534.4826448
500,500,500,0.005,20,3,485.9399156
500,500,500,0.005,20,5,461.8459702
500,500,500,0.005,20,8,494.0227843
500,500,500,0.005,20,10,549.2628021
500,500,500,0.005,100,2,503.5974823
500,500,500,0.005,100,3,505.2126463
500,500,500,0.005,100,5,573.0446198
500,478,478,0.005,100,8,560.2933852
500,500,500,0.005,100,10,502.997712
500,490,490,0.01,1,2,562.8931122
500,289,289,0.01,1,3,466.9897323
500,362,362,0.01,1,5,469.2861084
500,326,326,0.01,1,8,513.9317656000001
500,455,455,0.01,1,10,503.4476074
500,499,499,0.01,5,2,441.704419
500,271,271,0.01,5,3,455.4547182
500,311,311,0.01,5,5,467.2400277
500,433,433,0.01,5,8,504.6879265
500,500,500,0.01,5,10,523.7616006000001
500,500,500,0.01,20,2,517.8121076
500,500,500,0.01,20,3,376.3542721
500,484,484,0.01,20,5,514.8423965
500,500,500,0.01,20,8,495.1149689
500,500,500,0.01,20,10,485.1585922
500,383,383,0.01,100,2,476.833615
500,398,398,0.01,100,3,415.1833374
500,372,372,0.01,100,5,468.72977
500,280,280,0.01,100,8,440.3572676
500,364,364,0.01,100,10,425.9358825
500,155,155,0.03,1,2,498.833426
500,193,193,0.03,1,3,516.1741165999999
500,117,117,0.03,1,5,424.4673074
500,299,299,0.03,1,8,436.4492476
500,102,102,0.03,1,10,508.4596588
500,217,217,0.03,5,2,484.6133376
500,89,89,0.03,5,3,504.5395744
500,112,112,0.03,5,5,418.56801310000003
500,116,116,0.03,5,8,506.3119858
500,162,162,0.03,5,10,456.7140716
500,275,275,0.03,20,2,419.3525528
500,131,131,0.03,20,3,469.5939303
500,92,92,0.03,20,5,550.9459031
500,171,171,0.03,20,8,437.4098435
500,120,120,0.03,20,10,465.2071426
500,92,92,0.03,100,2,449.8365448
500,150,150,0.03,100,3,528.8799392
500,126,126,0.03,100,5,435.2307099
500,186,186,0.03,100,8,491.8861542
500,121,121,0.03,100,10,490.3572204
500,88,88,0.05,1,2,518.1970108
500,116,116,0.05,1,3,501.7567517
500,66,66,0.05,1,5,520.0797151
500,73,73,0.05,1,8,471.3817702
500,63,63,0.05,1,10,492.3064423
500,53,53,0.05,5,2,473.7585495
500,59,59,0.05,5,3,501.8974563
500,52,52,0.05,5,5,502.0462135
500,73,73,0.05,5,8,467.9089083
500,87,87,0.05,5,10,466.0720397
500,107,107,0.05,20,2,441.5360077
500,99,99,0.05,20,3,583.8893127
500,72,72,0.05,20,5,498.1973496
500,56,56,0.05,20,8,447.9887055
500,94,94,0.05,20,10,466.7020645
500,88,88,0.05,100,2,459.5048584
500,120,120,0.05,100,3,486.70551770000003
500,114,114,0.05,100,5,493.3419342
500,86,86,0.05,100,8,490.5731383
500,56,56,0.05,100,10,478.52509
500,51,51,0.1,1,2,503.5751038
500,56,56,0.1,1,3,404.268866
500,29,29,0.1,1,5,493.9240203
500,46,46,0.1,1,8,431.30080430000004
500,27,27,0.1,1,10,483.43311869999997
500,52,52,0.1,5,2,452.5499063
500,39,39,0.1,5,3,477.18072060000003
500,28,28,0.1,5,5,488.4902772
500,42,42,0.1,5,8,490.8036346
500,33,33,0.1,5,10,496.1218032
500,61,61,0.1,20,2,426.0156349
500,24,24,0.1,20,3,517.5264428
500,39,39,0.1,20,5,479.3082184
500,55,55,0.1,20,8,486.7574626
500,28,28,0.1,20,10,416.98885340000004
500,62,62,0.1,100,2,389.9528917
500,28,28,0.1,100,3,438.6998879
500,36,36,0.1,100,5,519.0155487
500,57,57,0.1,100,8,477.02776489999997
500,28,28,0.1,100,10,461.6489724
1e3,1000,1e3,0.001,1,2,818.5292603
1e3,1000,1e3,0.001,1,3,720.4728194
1e3,1000,1e3,0.001,1,5,737.2333221
1e3,1000,1e3,0.001,1,8,769.1838828
1e3,1000,1e3,0.001,1,10,769.171289
1e3,1000,1e3,0.001,5,2,872.4898729
1e3,1000,1e3,0.001,5,3,696.6942794
1e3,1000,1e3,0.001,5,5,826.2353758
1e3,1000,1e3,0.001,5,8,863.133963
1e3,1000,1e3,0.001,5,10,774.7203673
1e3,1000,1e3,0.001,20,2,801.7783494
1e3,1000,1e3,0.001,20,3,867.5391999
1e3,1000,1e3,0.001,20,5,781.4380385
1e3,1000,1e3,0.001,20,8,805.7544478
1e3,1000,1e3,0.001,20,10,844.8059327
1e3,1000,1e3,0.001,100,2,847.6712967999999
1e3,1000,1e3,0.001,100,3,722.1388335
1e3,1000,1e3,0.001,100,5,675.902986
1e3,1000,1e3,0.001,100,8,830.3508025
1e3,1000,1e3,0.001,100,10,863.5139495
1e3,1000,1e3,0.003,1,2,445.7520888
1e3,994,994,0.003,1,3,551.5809303
1e3,1000,1e3,0.003,1,5,445.6659927
1e3,1000,1e3,0.003,1,8,519.7329529
1e3,1000,1e3,0.003,1,10,509.8365203
1e3,1000,1e3,0.003,5,2,424.8837889
1e3,1000,1e3,0.003,5,3,459.4089326
1e3,1000,1e3,0.003,5,5,504.1463744
1e3,1000,1e3,0.003,5,8,520.0747787
1e3,988,988,0.003,5,10,521.2905609
1e3,927,927,0.003,20,2,511.7398621
1e3,1000,1e3,0.003,20,3,502.5780839
1e3,947,947,0.003,20,5,488.9714095
1e3,1000,1e3,0.003,20,8,468.2498673
1e3,1000,1e3,0.003,20,10,526.8054016
1e3,1000,1e3,0.003,100,2,484.4899322
1e3,1000,1e3,0.003,100,3,459.8655486
1e3,945,945,0.003,100,5,531.2100340000001
1e3,1000,1e3,0.003,100,8,488.28653560000004
1e3,897,897,0.003,100,10,465.74813140000003
1e3,769,769,0.005,1,2,465.6547165
1e3,529,529,0.005,1,3,504.213237
1e3,1000,1e3,0.005,1,5,543.8342865
1e3,565,565,0.005,1,8,418.898768
1e3,564,564,0.005,1,10,474.3454971
1e3,554,554,0.005,5,2,449.0373153
1e3,564,564,0.005,5,3,434.0501846
1e3,1000,1e3,0.005,5,5,532.4310455
1e3,553,553,0.005,5,8,457.52602459999997
1e3,871,871,0.005,5,10,481.72147
1e3,697,697,0.005,20,2,520.7352769
1e3,666,666,0.005,20,3,471.6024873
1e3,584,584,0.005,20,5,553.9718233
1e3,590,590,0.005,20,8,487.2236268
1e3,600,600,0.005,20,10,490.3943132
1e3,753,753,0.005,100,2,467.8971313
1e3,650,650,0.005,100,3,458.9717545
1e3,721,721,0.005,100,5,521.5314301
1e3,723,723,0.005,100,8,448.30585049999996
1e3,720,720,0.005,100,10,404.82492990000003
1e3,416,416,0.01,1,2,515.3117295000001
1e3,590,590,0.01,1,3,468.4291902
1e3,260,260,0.01,1,5,464.75816810000003
1e3,331,331,0.01,1,8,473.2828766
1e3,332,332,0.01,1,10,430.8624832
1e3,501,501,0.01,5,2,504.0067337
1e3,281,281,0.01,5,3,483.1005128
1e3,587,587,0.01,5,5,534.0207245
1e3,598,598,0.01,5,8,556.195935
1e3,326,326,0.01,5,10,472.0991608
1e3,476,476,0.01,20,2,470.4196014
1e3,327,327,0.01,20,3,446.1330783
1e3,346,346,0.01,20,5,514.002301
1e3,389,389,0.01,20,8,487.6256836
1e3,393,393,0.01,20,10,479.155089
1e3,467,467,0.01,100,2,419.324939
1e3,292,292,0.01,100,3,445.8666504
1e3,525,525,0.01,100,5,462.1873605
1e3,270,270,0.01,100,8,478.5209702
1e3,280,280,0.01,100,10,436.6525509
1e3,139,139,0.03,1,2,484.155352
1e3,128,128,0.03,1,3,490.70914319999997
1e3,299,299,0.03,1,5,457.77052
1e3,116,116,0.03,1,8,447.1202773
1e3,123,123,0.03,1,10,511.3858993
1e3,92,92,0.03,5,2,498.2531525
1e3,136,136,0.03,5,3,506.6055031
1e3,106,106,0.03,5,5,432.3318131
1e3,95,95,0.03,5,8,482.1990098
1e3,91,91,0.03,5,10,499.3042999
1e3,133,133,0.03,20,2,478.225444
1e3,103,103,0.03,20,3,426.6926926
1e3,86,86,0.03,20,5,472.8777344
1e3,118,118,0.03,20,8,481.6639557
1e3,116,116,0.03,20,10,432.9122419
1e3,92,92,0.03,100,2,454.67948010000003
1e3,195,195,0.03,100,3,562.1414306
1e3,93,93,0.03,100,5,504.0994209
1e3,118,118,0.03,100,8,463.9648498
1e3,98,98,0.03,100,10,464.727092
1e3,100,100,0.05,1,2,444.1507233
1e3,116,116,0.05,1,3,508.501262
1e3,72,72,0.05,1,5,542.3987624
1e3,108,108,0.05,1,8,456.4129058
1e3,79,79,0.05,1,10,467.4341918
1e3,99,99,0.05,5,2,446.76150210000003
1e3,84,84,0.05,5,3,460.2419555
1e3,72,72,0.05,5,5,471.2582382
1e3,72,72,0.05,5,8,495.5795624
1e3,101,101,0.05,5,10,474.6614121
1e3,72,72,0.05,20,2,503.1397385
1e3,62,62,0.05,20,3,407.1858476
1e3,83,83,0.05,20,5,452.0496095
1e3,104,104,0.05,20,8,498.7627379
1e3,115,115,0.05,20,10,449.8911531
1e3,74,74,0.05,100,2,494.25382160000004
1e3,105,105,0.05,100,3,473.8037261
1e3,117,117,0.05,100,5,481.3462265
1e3,58,58,0.05,100,8,458.4019591
1e3,95,95,0.05,100,10,442.8048369
1e3,28,28,0.1,1,2,428.2920227
1e3,29,29,0.1,1,3,412.8644408
1e3,27,27,0.1,1,5,506.8573136
1e3,36,36,0.1,1,8,503.7173143
1e3,47,47,0.1,1,10,436.4611193
1e3,28,28,0.1,5,2,424.1409324
1e3,54,54,0.1,5,3,422.459308
1e3,30,30,0.1,5,5,488.48777
1e3,49,49,0.1,5,8,425.67992480000004
1e3,34,34,0.1,5,10,432.2983749
1e3,30,30,0.1,20,2,511.4671845
1e3,41,41,0.1,20,3,467.1905014
1e3,49,49,0.1,20,5,520.7851897
1e3,28,28,0.1,20,8,529.4600281
1e3,33,33,0.1,20,10,407.3014128
1e3,38,38,0.1,100,2,468.63394470000003
1e3,26,26,0.1,100,3,494.9043007
1e3,42,42,0.1,100,5,409.2241289
1e3,59,59,0.1,100,8,562.4634475
1e3,47,47,0.1,100,10,507.3563202
